.NET Foundation, https://dotnetfoundation.org/about/code-of-conduct
01 Edu, https://github.com/01-edu
24 Pull Requests, https://github.com/24pullrequests/24pullrequests
A/B Tester, https://github.com/gabrieltempass/ab-tester
AASM, https://github.com/aasm/aasm
AB3C, https://ab3c.org.br/
ACM-W NITK, https://github.com/acm-w-nitk/acm-w-nitk.github.io
Actionhero, https://www.actionherojs.com/
Active Admin, https://github.com/activeadmin/activeadmin
ActsAsTextcaptcha, https://github.com/matthutchinson/acts_as_textcaptcha
AgoraKit, https://github.com/agorakit/agorakit
Airbnb, https://airbnb.io/codeofconduct/
Algorithm Archive, https://github.com/algorithm-archivists/algorithm-archive
Algorrent, https://github.com/algorrent/algorrent
All Algorithms, https://github.com/AllAlgorithms/algorithms
Altinn, https://github.com/Altinn
Amsterdam.rb, https://amsrb.org/code-of-conduct/
Ancient Beast, https://AncientBeast.com
Android IMSI-Catcher Detector, https://github.com/CellularPrivacy/Android-IMSI-Catcher-Detector
angular-formly, https://github.com/formly-js/angular-formly
Angular, https://github.com/angular/code-of-conduct
APInf, https://github.com/apinf/platform
AppSignal, https://docs.appsignal.com/appsignal/contributing/code-of-conduct.html
ArchiSteamFarm, https://github.com/JustArchiNET/ArchiSteamFarm
Asqatasun, https://gitlab.com/asqatasun/Asqatasun
Atom, https://github.com/atom/atom
AVA, https://github.com/avajs/ava
Avanade, https://github.com/Avanade
Babel, https://github.com/babel/babel
Backlight deb packages, https://github.com/gorlapraveen/blacklight-deb-packages
Baleen CLI, https://github.com/baleen/cli
Baleen Migrations, https://github.com/baleen/migrations
BBC, https://www.bbc.co.uk/opensource
BcnEng, https://bcneng.org
Beagle Framework,https://github.com/ZupIT/beagle
Bearsampp, https://bearsampp.com/code-of-conduct
Begynner, https://github.com/marcker/begynner
Bionode, https://www.bionode.io/
BioSigKit, https://github.com/hooman650/BioSigKit
Bitloops, https://github.com/Bitloops
bitmath, https://github.com/tbielawa/bitmath/
blazorbootstrap, https://github.com/vikramlearning/blazorbootstrap
Boa, https://github.com/boa-dev/boa/
Bootstrap, https://github.com/twbs/bootstrap
BootstrapVue, https://github.com/bootstrap-vue/bootstrap-vue
BoxBilling, https://boxbilling.org/
Brain-Score, http://www.brain-score.org/
Bridge.NET, https://bridge.net/
Brighter, https://github.com/BrighterCommand/Brighter
brightness_bashshell_script, https://github.com/gorlapraveen/brightness_bashshell_script
c-3po, https://c-3po.js.org/
Cake, https://cakebuild.net/
Calckey, https://codeberg.org/thatonecalculator/calckey
Calypso (WordPress.com), https://github.com/Automattic/wp-calypso
caMicroscope, https://camicroscope.github.io/
Celluloid, https://github.com/celluloid/celluloid
CerberAuth, https://github.com/cerberauth
Cesium, https://github.com/CesiumGS/cesium
Chalk, https://github.com/chalk/chalk
Changelog.com, https://changelog.com/
CHAOSS Project, https://chaoss.community/
CharlesCD,https://github.com/ZupIT/charlescd
Chatwoot, https://www.chatwoot.com/docs/contributing-guide/code-of-conduct
Checkstyle for Haxe, https://github.com/HaxeCheckstyle/haxe-checkstyle
chef-rvm, https://github.com/sous-chefs/rvm
City of Sault Ste. Marie, https://github.com/cityssm
clearwater.rb, https://github.com/clearwater-rb/clearwater
Climate Equity Reference Calculator, https://github.com/climateequityreferenceproject/cerc-web
Closure Next, https://github.com/MilesONerd/closure-next
CloudI, http://cloudi.org/faq.html#2_CodeOfConduct
CocoaPods, https://github.com/cocoapods/cocoapods
code.gov, https://github.com/GSA/code-gov/
Codebridge, https://github.com/codebridge-za
CodeBuddies, https://github.com/codebuddies/codebuddies
Coding Coach, https://github.com/Coding-Coach/coding-coach
Compose Generator, https://github.com/compose-generator/compose-generator
composer, https://github.com/composer/composer
comptoir-du-libre, https://gitlab.adullact.net/Comptoir/Comptoir-srv
concurrent-ruby, https://github.com/ruby-concurrency/concurrent-ruby
conduct, https://github.com/sindresorhus/conduct
Contrast-Finder, https://github.com/Asqatasun/Contrast-Finder
Crackle, https://github.com/jordanekay/Crackle
Create React App, https://github.com/facebook/create-react-app
Create Rome App, https://github.com/romeland/create-rome-app
Creative Commons, http://opensource.creativecommons.org/community/code-of-conduct/
Crystal, https://github.com/crystal-lang/crystal
Cucumber, https://github.com/cucumber
curl, https://github.com/curl/curl
Dagster, https://github.com/dagster-io/dagster
DailyCTF Robot, https://github.com/Goofygiraffe06/DailyCTFRobot
Data Retriever, https://github.com/weecology/retriever
datacoco-batch, https://github.com/equinoxfitness/datacoco-batch
datacoco-cloud, https://github.com/equinoxfitness/datacoco-cloud
datacoco-core, https://github.com/equinoxfitness/datacoco-core
datacoco-db, https://github.com/equinoxfitness/datacoco-db
datacoco-email_tools, https://github.com/equinoxfitness/datacoco-email_tools
datacoco-ftp_tools, https://github.com/equinoxfitness/datacoco-ftp_tools
datacoco-redis_tools, https://github.com/equinoxfitness/datacoco-redis_tools
datacoco-secretsmanager, https://github.com/equinoxfitness/datacoco-secretsmanager
Dawnscanner, https://github.com/thesp0nge/dawnscanner
DC/OS, https://dcos.io/
Deckhouse, https://github.com/deckhouse/deckhouse
Dependent, https://github.com/dependent/dependencies
DevAndDev, https://devand.dev/
Deviser Platform, https://github.com/deviserplatform/deviserplatform
Diaspora, https://github.com/diaspora/diaspora
Discourse, https://github.com/discourse/discourse
Diversity Handbook, https://github.com/DanRoeSparks/diversity-handbook
Dokku, https://github.com/dokku/dokku
Doublify, https://github.com/doublify
Drachenhorn, https://github.com/Drachenhorn-Team/Drachenhorn
Dracut, https://github.com/dracutdevs/dracut
Dribdat, https://github.com/dribdat/dribdat
dxw, https://www.dxw.com
ECB Exchange, https://github.com/matthutchinson/ecb_exchange
Eclipse Che, https://github.com/eclipse/che
Eclipse, https://www.eclipse.org/
Eldest Daughter Questionnaire, https://github.com/eldest-daughter/ed-questionnaire
Electron, https://github.com/electron/electron
elimu.ai, https://github.com/elimu-ai
Elixir, https://github.com/elixir-lang/elixir
Ellie-Language, https://github.com/behemehal/Ellie-Language
Emogrifier, https://github.com/MyIntervals/emogrifier
Exercism.io, https://github.com/exercism/exercism
Facebook, https://opensource.facebook.com/code-of-conduct
fanKounter, https://github.com/HZKnight/fanKounter
Firefox B2B Communication for Internet access, https://github.com/gorlapraveen/firefox_b2b_comm_radio_addon
First Contributions, https://github.com/firstcontributions/first-contributions
Flickr, https://blog.flickr.net/en/2022/02/14/safer-internet-day-and-open-source-codes-of-conduct/
Forgejo, https://codeberg.org/forgejo/code-of-conduct
Freedomotic, https://github.com/freedomotic/freedomotic
friends, https://github.com/JacobEvelyn/friends
Fugerit-Org, https://github.com/fugerit-org
Fukuzatsu, https://gitlab.com/coraline/fukuzatsu/tree/master
funKounter, https://github.com/lucliscio/fankounter
Funky Penguin's Geek Cookbook,https://geek-cookbook.funkypenguin.co.nz/community/code-of-conduct/
GalMisoCorpus 2023, https://github.com/luciamariaalvarezcrespo/GalMisoCorpus2023
Gatsby, https://github.com/gatsbyjs/gatsby
GDS, https://github.com/alphagov
GEOPM, https://geopm.github.io/
GeoVista, https://github.com/bjlittle/geovista
GetTogether, https://github.com/GetTogetherComm/GetTogether
Ghaf, https://github.com/tiiuae/ghaf
Git for Windows, https://github.com/git-for-windows
git, https://github.com/git/git
GitLab, https://gitlab.com/gitlab-org/gitlab-foss/
Giveth, https://wiki.giveth.io/policy/codeofconduct/
Gleam, https://gleam.run/
Glimpse, https://glimpse-editor.org
GlobaLeaks, https://github.com/globaleaks/GlobaLeaks
GMT, https://www.generic-mapping-tools.org/
GNSS-SDR, https://github.com/gnss-sdr/gnss-sdr
GNU Guix and GuixSD, https://guix.gnu.org/
Golang, https://golang.org/conduct
Golden Cobra, https://github.com/ikuseiGmbH/Goldencobra
Google, https://opensource.google/docs/releasing/template/CODE_OF_CONDUCT/
GorangoCSS, https://gorangocss.kawanua.id/codeofconduct/
GoReleaser, https://github.com/goreleaser/goreleaser
Grape, https://github.com/ruby-grape/grape
GraphQL Code Generator, https://github.com/dotansimha/graphql-code-generator
GraphQL Config, https://github.com/kamilkisiela/graphql-config
GraphQL ESLint, https://github.com/dotansimha/graphql-eslint
GraphQL Inspector, https://github.com/kamilkisiela/graphql-inspector
GraphQL Mesh, https://github.com/Urigo/graphql-mesh
GraphQL Modules, https://github.com/Urigo/graphql-modules
GraphQL Scalars, https://github.com/Urigo/graphql-scalars
GraphQL Tools, https://github.com/ardatan/graphql-tools
Grav CMS, https://github.com/getgrav/grav
Gremlins tracker for Visual Studio Code, https://github.com/nhoizey/vscode-gremlins
Growing Devs, https://github.com/growingdevs/growingdevs.github.io
H2O Wave, https://github.com/h2oai/wave
Hacken.in, https://github.com/hacken-in/hacken-in
Hanami, http://hanamirb.org/community/#code-of-conduct
HandBrake, https://github.com/HandBrake/HandBrake
HaskellNow.org, http://www.haskellnow.org/#Projects
HealingRa.in Projects, https://gitlab.com/groups/healing-rain
Heptio Contour, https://github.com/projectcontour/contour
Heptio Gimbal, https://github.com/projectcontour/gimbal
Holidays, https://github.com/holidays/holidays
Homebrew-Cask, https://github.com/Homebrew/homebrew-cask
Hoppscotch, https://github.com/hoppscotch/hoppscotch
Horusec,https://github.com/ZupIT/horusec
Hotels.com, https://github.com/HotelsDotCom
HTML5 Boilerplate, https://github.com/h5bp/html5-boilerplate
HTTPicnic, https://github.com/henry-anderson/HTTPicnic
HTTPotion, https://github.com/myfreeweb/httpotion
Huh? Dictionary, https://github.com/Yaacoub/Huh-Dictionary
IBEX Imaging Community,https://github.com/IBEXImagingCommunity/
icepyx, https://github.com/icesat2py/icepyx
if me, https://github.com/ifmeorg/ifme
Intel OTC, https://01.org/blogs/2018/intel-covenant-code
irhamdzuhri.com, https://github.com/irhamdz/irhamdzuhri.com
iText, https://itextpdf.com/en
IzzyOnDroid, https://codeberg.org/IzzyOnDroid/.profile
Java Builders Generator, https://github.com/khabali/java-builders-generator
jekyll-octopod, https://jekyll-octopod.github.io/conduct/
Jekyll, https://github.com/jekyll/jekyll
Jenkins, https://www.jenkins.io/conduct/
Johnny-Five, https://github.com/rwaldron/johnny-five
Jolie, https://jolie-lang.org/
jPOS, https://github.com/jpos
JRuby Gradle, https://github.com/jruby-gradle/jruby-gradle-plugin
JRuby, https://github.com/jruby/jruby/
JSON Schema, https://github.com/json-schema-org/json-schema-spec
json-rpc, https://github.com/pavlov99/json-rpc
JuneteenthConf, https://juneteenthconf.com/
Kowalski Telegram Bot, https://github.com/abocn/TelegramBot
Keptn, https://keptn.sh/
Kibi, https://github.com/ilai-deutel/kibi
Kickoff, https://github.com/TryKickoff/kickoff/
Kiva, https://github.com/kiva
Kong, https://github.com/Kong/kong/
Kornia, https://github.com/kornia/kornia
Kubernetes, https://github.com/kubernetes/kubernetes/
LA Devs, https://github.com/la-devs/ladevs.org
Laravel.io, https://github.com/laravelio/laravel.io
LifxDash, https://github.com/matthutchinson/lifx_dash
Linkedin skills, https://github.com/shweteekta/100-Days-of-ML-Code-/blob/master/Scrapping%20of%20linkedin%20Skills.py
Linkrot, https://github.com/marshalmiller/linkrot
Linode, https://github.com/linode/docs
Linux, https://git.kernel.org/pub/scm/linux/kernel/git/torvalds/linux.git/commit/?id=8a104f8b5867c682d994ffa7a74093c54469c11f
Lolcommits Plugins, https://github.com/search?q=topic%3Alolcommits-plugin+org%3Alolcommits
Lolcommits, https://github.com/lolcommits/lolcommits
Mailchain, https://github.com/mailchain/mailchain
Mailspring, https://github.com/Foundry376/Mailspring
Mapbox, https://github.com/mapbox
MapLibre, https://github.com/maplibre/maplibre
Marc Bernard Tools, https://github.com/Marc-Bernard-Tools/MBT-Base
Marquez, https://github.com/MarquezProject/marquez
Mastodon, https://github.com/mastodon/mastodon
Matplotlib, https://matplotlib.org/
Mattermost, https://github.com/mattermost
Maximilian, https://github.com/WillLiu360/maximilian
melonJS, https://github.com/melonjs/melonJS
Mensa, https://github.com/jordanekay/Mensa
Meridian, https://github.com/nicholaswyoung/meridian
Mesa, https://github.com/projectmesa/
Metasploit, https://github.com/rapid7/metasploit-framework
mnstr, https://github.com/xorsense/mnstr
Monkey Type, https://github.com/monkeytypegame/monkeytype/
Mono, https://github.com/mono/mono
Monsti CMS, http://monsti.org/
Moya, https://github.com/Moya/Moya
Mozilla Webmaker, https://foundation.mozilla.org/en/artifacts/webmaker/
Mudlet, https://github.com/Mudlet/Mudlet
MyBB, https://mybb.com/
MyPaint, https://github.com/mypaint/mypaint
N#, https://github.com/n-language/n-
Navidrome Music Server, https://www.navidrome.org/
NColony, https://github.com/ncolony/ncolony
Neos, https://www.neos.io/
Nerd Fonts, https://github.com/ryanoasis/nerd-fonts
NetworkReachability, https://reachability.tools
Neurenix, https://github.com/MilesONerd/neurenix/
Next.js, https://nextjs.org
NGINX, https://github.com/nginxinc/kic-reference-architectures
NicFab Privacy Community, https://community.nicfab.it
Node.js, https://github.com/nodejs
Nodejs Africa, https://nodejs.africa/
Noice, https://github.com/ashutoshgngwr/noice
nteract, https://nteract.io/
OAPI ShieldsUp, https://github.com/oapi/shieldsup
Ombi, https://ombi.network
Onnx-go, https://github.com/owulveryck/onnx-go
Open Elements, https://github.com/OpenElements
Open WebRTC Toolkit, https://github.com/open-webrtc-toolkit
OpenArchive, https://open-archive.org/
OpenDominion, https://github.com/OpenDominion/OpenDominion
OpenDroneMap, https://github.com/OpenDroneMap/ODM
OpenFeature, https://openfeature.dev/
OpenJS Foundation, https://github.com/openjs-foundation/
OpenMined, https://github.com/OpenMined/
OpenPrivacyTech, https://github.com/openprivacytech
OpenProject, https://www.openproject.org/
OpenUK, https://openuk.uk/
Operable, https://github.com/operable/
ORGENIC UI, https://github.com/orgenic/orgenic-ui
Orientation, https://github.com/orientation/orientation
Ornament, https://github.com/jordanekay/Ornament
OWASP Core Business Application Security, https://owasp.org/www-project-core-business-application-security/
OWASP Juice Shop, https://owasp.org/www-project-juice-shop/
OWASP ZAP, https://github.com/zaproxy/zaproxy
Pale Moon, http://www.palemoon.org/
Panamax, https://github.com/CenturyLinkLabs/panamax-ui
Pash, https://github.com/Pash-Project/Pash
PatternFly, https://github.com/patternfly/patternfly
Perfect, https://github.com/PerfectlySoft/Perfect
PeteBishwhip, https://github.com/PeteBishwhip/
Pexip - Video Conferencing SDK, https://github.com/pexip/pexkit-sdk
pg_chameleon - MySQL to PostgreSQL replica, https://github.com/the4thdoctor/pg_chameleon
phpMyAdmin, https://www.phpmyadmin.net/
PHP-CSS-Parser, https://github.com/MyIntervals/PHP-CSS-Parser
PHPStan, https://phpstan.org/
Phylum CI, https://github.com/phylum-dev/phylum-ci
pimutils, https://pimutils.org/coc/
PiVPN, https://github.com/pivpn/pivpn
Pixi.js Haxe Externs, https://github.com/pixijs/pixi-haxe
Platform.sh, https://platform.sh
Playscii, http://vectorpoem.com/playscii/
pmap, https://github.com/bruceadams/pmap
PokeAPI, https://github.com/PokeAPI/pokeapi
postcss-glitch, https://github.com/crftd/postcss-glitch
Pottery, https://github.com/brainix/pottery
prance (Resolving Swagger/OpenAPI 2.0 Parser), https://github.com/jfinkhaeuser/prance
PRAW, https://github.com/praw-dev/praw
Pre-filled repository, https://github.com/GuglielmoPepe/pre-filled-repository
Pressbooks, https://github.com/pressbooks/pressbooks
Prettier, https://prettier.io
ProcessIterator, https://github.com/console-helpers/process-iterator
PyBBIO, https://github.com/graycatlabs/PyBBIO
PyGMT, https://github.com/GenericMappingTools/pygmt
PyMC3, https://github.com/pymc-devs/pymc3
PyMC4, https://github.com/pymc-devs/pymc4
Python Girona, https://pythongirona.cat/
Python-dwca-reader, https://github.com/BelgianBiodiversityPlatform/python-dwca-reader
PyVista, https://github.com/pyvista/pyvista
QA-Tools, https://github.com/qa-tools/qa-tools
Qibo, https://github.com/qiboteam/qibo
Quack Lang, https://github.com/quack/quack
Quick, https://github.com/Quick/Quick
Rack::Attack, https://github.com/rack/rack-attack
Rails, https://github.com/rails/rails
Random Bookmark From Folder, https://github.com/PixievoltNo1/RandomBookmark
rbenv, https://github.com/rbenv/rbenv
React to styled, https://github.com/react-to/react-to-styled
React, https://github.com/facebook/react
ReactiveUI, https://github.com/reactiveui/reactiveui
ReactiveX/RxJS, https://github.com/ReactiveX/RxJS
Realm, https://realm.io/conduct/
Recidiviz, https://github.com/Recidiviz/
Redash, https://github.com/getredash/redash
Rekrei, https://github.com/rekrei/rekrei
Repo Template, https://github.com/krishdevdb/repo-template
Reseter.css, https://github.com/krishdevdb/reseter.css
Ring Programming Language, https://github.com/ring-lang/ring
Ritchie CLI,https://github.com/ZupIT/ritchie-cli
Robocar, https://github.com/Yaacoub/Robocar
Robopager, https://github.com/equinoxfitness/robopager
Rocket.Chat, https://github.com//RocketChat/Rocket.Chat
ROM, https://github.com/rom-rb/rom
ROOT-Sim, https://github.com/HPDCS/ROOT-Sim/
Rowy, https://github.com/rowyio/rowy
RSpec, https://github.com/rspec/rspec
Ruby for Cats, https://github.com/rubyforcats
Ruby Hero Awards, https://github.com/rubyheroes/rubyheroes.com
ruby-community, https://github.com/ruby-community/ruby-community
RubyGems.org, https://github.com/rubygems/rubygems.org
RVM, https://github.com/rvm/rvm
Salesforce OSS, https://github.com/salesforce/oss-template
SaltStack, https://github.com/saltstack/salt
Sass Guidelines, https://github.com/HugoGiraudel/sass-guidelines
SassDoc, https://github.com/sassdoc/sassdoc
Scrapy, https://scrapy.org/
Secrez, https://github.com/secrez/secrez
Serialport, https://github.com/serialport/node-serialport
Sevilla Maker Society, https://github.com/maker-society-svq
Skeet, https://github.com/elsoul/skeet
Skeptycal.com, https://github.com/buefy/buefy
Skyscanner, https://github.com/skyscanner
Snipe-IT, https://github.com/snipe/snipe-it
Snuffle, https://gitlab.com/coraline/snuffle/tree/master
Software Carpentry, https://github.com/swcarpentry
Software Foundations Chinese Translation, https://github.com/Coq-zh/SF-zh
Sonobuoy, https://github.com/vmware-tanzu/sonobuoy
Soosyze CMS, https://soosyze.com/charte-code-conduite-contributeurs
SOSC/VTU-Lab-Material, https://github.com/so-sc/VTU-Lab-Material/
SOULs, https://github.com/elsoul/souls
Sovereign Cloud Stack, https://github.com/SovereignCloudStack/Docs/
SpamWatch for Kowalski, https://github.com/abocn/TelegramBot-SpamWatch/
SPIP, https://www.spip.net/fr_rubrique91.html
Spree, https://github.com/spree/spree
Spring Boot, https://github.com/spring-projects/spring-boot
Spring, https://github.com/spring-projects
Squirrel for Windows, https://github.com/squirrel/squirrel.windows
SquirrelJME, https://squirreljme.cc/
Stack.io, https://github.com/germanstack
StackGres, https://stackgres.io
Starship, https://starship.rs/
Storybook, https://github.com/storybookjs/storybook
Styled Hooks, https://github.com/colingourlay/styled-hooks
SubsonicGroupFinder, https://github.com/SubsonicGroupFinder/
SuiteCRM, https://suitecrm.com/
Supergiant, https://supergiant.io/thank-you/
Swathanthra Malayalam Computing, https://smc.org.in/
SwellRT, https://github.com/P2Pvalue/swellrt/
Swift, https://swift.org/community/#code-of-conduct
Swiss Post, https://github.com/swisspost
Symfony, https://github.com/symfony/symfony
Tachiyomi Extensions, https://github.com/tachiyomiorg/tachiyomi-extensions
Tachiyomi, https://github.com/tachiyomiorg/tachiyomi
Tahoe-LAFS, https://github.com/tahoe-lafs/tahoe-lafs
Taiga.io, https://github.com/taigaio/code-of-conduct
Tamiat CMS, https://github.com/tamiat/tamiat
Target, https://github.com/target
tbox, https://github.com/tboox/tbox
Teem, https://github.com/P2Pvalue/teem/
TensorFlow, https://github.com/tensorflow/tensorflow
Termidinator, https://github.com/Yaacoub/Termidinator
terraform-aws-modules, https://github.com/terraform-aws-modules
The Anadromi Project, https://github.com/anadromi/the-anadromi-project
The PHP League OAuth 2.0 Server, https://github.com/thephpleague/oauth2-server
ThePew Inc., https://github.com/the-pew-inc/the-pew
ThorVG, https://www.thorvg.org
Tide, https://github.com/wptide/wptide
TigrisDB, https://github.com/tigrisdata/tigrisdb
TinyMCE, https://www.tiny.cloud/docs/configure/contributing-to-open-source/
Tmuxinator, https://github.com/tmuxinator/tmuxinator
Travis CI, https://travis-ci.community/t/code-of-conduct/64
Turbolinks, https://github.com/turbolinks/turbolinks
Twilio, https://github.com/twilio
Twisted, https://github.com/twisted/twisted
União Colegial de Minas Gerais, https://github.com/ucmg
UXP, https://github.com/MoonchildProductions/UXP
Uzufly,https://github.com/uzufly
Velero, https://github.com/vmware-tanzu/velero
Viash, https://github.com/viash-io/viash
Video.js, https://github.com/videojs/video.js
VideoSnap, https://github.com/matthutchinson/videosnap
vim cheat sheet, https://github.com/rtorr/vim-cheat-sheet
VimDevIcons, https://github.com/ryanoasis/vim-devicons
VirtAPI-Stack, https://github.com/virtapi/
Visual F#, https://github.com/dotnet/fsharp
Volt.rb, https://github.com/voltrb/volt
Vox Pupuli, https://voxpupuli.org/
VSAlert, https://vsalert.vsanthanam.com
VSTeam, https://github.com/MethodsAndPractices/vsteam
Vue.js, https://github.com/vuejs/vue
VueTorrent, https://github.com/VueTorrent/VueTorrent
WAI-request-spec, https://gitlab.com/cpp.cabrera/wai-request-spec
Waud, https://github.com/adireddy/waud
Weaviate, https://github.com/semi-technologies/weaviate
Webiny, https://github.com/webiny/webiny-js
Webwide, https://webwide.io/help/code-of-conduct/
Wechaty, https://wechaty.js.org/docs/community/code-of-conduct/
WordPress, https://make.wordpress.org/handbook/community-code-of-conduct/
xmake, https://github.com/tboox/xmake
XO, https://github.com/sindresorhus/xo
xoreos, https://github.com/xoreos/xoreos
xterm.js, https://github.com/xtermjs/xterm.js
yargs, https://github.com/bcoe/yargs
Yii, https://www.yiiframework.com
Your First PR, https://github.com/yourfirstpr/
ZoneMinder, https://github.com/ZoneMinder/

+Contributor Covenant Code of Conduct
+++++++++++++++++++++++++++++++++++++
+
+Our Pledge
+==========
+
+In the interest of fostering an open and welcoming environment, we as
+contributors and maintainers pledge to making participation in our project and
+our community a harassment-free experience for everyone, regardless of age, body
+size, disability, ethnicity, sex characteristics, gender identity and
+expression, level of experience, education, socio-economic status, nationality,
+personal appearance, race, religion, or sexual identity and orientation.
+
+Our Standards
+=============
+
+Examples of behavior that contributes to creating a positive environment
+include:
+
+* Using welcoming and inclusive language
+* Being respectful of differing viewpoints and experiences
+* Gracefully accepting constructive criticism
+* Focusing on what is best for the community
+* Showing empathy towards other community members
+
+
+Examples of unacceptable behavior by participants include:
+
+* The use of sexualized language or imagery and unwelcome sexual attention or
+  advances
+* Trolling, insulting/derogatory comments, and personal or political attacks
+* Public or private harassment
+* Publishing others’ private information, such as a physical or electronic
+  address, without explicit permission
+* Other conduct which could reasonably be considered inappropriate in a
+  professional setting
+
+
+Our Responsibilities
+====================
+
+Maintainers are responsible for clarifying the standards of acceptable behavior
+and are expected to take appropriate and fair corrective action in response to
+any instances of unacceptable behavior.
+
+Maintainers have the right and responsibility to remove, edit, or reject
+comments, commits, code, wiki edits, issues, and other contributions that are
+not aligned to this Code of Conduct, or to ban temporarily or permanently any
+contributor for other behaviors that they deem inappropriate, threatening,
+offensive, or harmful.
+
+Scope
+=====
+
+This Code of Conduct applies both within project spaces and in public spaces
+when an individual is representing the project or its community. Examples of
+representing a project or community include using an official project e-mail
+address, posting via an official social media account, or acting as an appointed
+representative at an online or offline event. Representation of a project may be
+further defined and clarified by project maintainers.
+
+Enforcement
+===========
+
+Instances of abusive, harassing, or otherwise unacceptable behavior may be
+reported by contacting the Technical Advisory Board (TAB) at
+<tab@lists.linux-foundation.org>. All complaints will be reviewed and
+investigated and will result in a response that is deemed necessary and
+appropriate to the circumstances. The TAB is obligated to maintain
+confidentiality with regard to the reporter of an incident.  Further details of
+specific enforcement policies may be posted separately.
+
+Maintainers who do not follow or enforce the Code of Conduct in good faith may
+face temporary or permanent repercussions as determined by other members of the
+project’s leadership.
+
+Attribution
+===========
+
+This Code of Conduct is adapted from the Contributor Covenant, version 1.4,
+available at https://www.contributor-covenant.org/version/1/4/code-of-conduct.html
diff --git a/Documentation/process/code-of-conflict.rst b/Documentation/process/code-of-conflict.rst
deleted file mode 100644
index 47b6de76320300..00000000000000
--- a/Documentation/process/code-of-conflict.rst
+++ /dev/null
@@ -1,28 +0,0 @@
-Code of Conflict
-----------------
-
-The Linux kernel development effort is a very personal process compared
-to "traditional" ways of developing software.  Your code and ideas
-behind it will be carefully reviewed, often resulting in critique and
-criticism.  The review will almost always require improvements to the
-code before it can be included in the kernel.  Know that this happens
-because everyone involved wants to see the best possible solution for
-the overall success of Linux.  This development process has been proven
-to create the most robust operating system kernel ever, and we do not
-want to do anything to cause the quality of submission and eventual
-result to ever decrease.
-
-If however, anyone feels personally abused, threatened, or otherwise
-uncomfortable due to this process, that is not acceptable.  If so,
-please contact the Linux Foundation's Technical Advisory Board at
-<tab@lists.linux-foundation.org>, or the individual members, and they
-will work to resolve the issue to the best of their ability.  For more
-information on who is on the Technical Advisory Board and what their
-role is, please see:
-
-	- http://www.linuxfoundation.org/projects/linux/tab
-
-As a reviewer of code, please strive to keep things civil and focused on
-the technical issues involved.  We are all humans, and frustrations can
-be high on both sides of the process.  Try to keep in mind the immortal
-words of Bill and Ted, "Be excellent to each other."
diff --git a/Documentation/process/index.rst b/Documentation/process/index.rst
index 37bd0628b6ee90..9ae3e317bddf91 100644
--- a/Documentation/process/index.rst
+++ b/Documentation/process/index.rst
@@ -20,7 +20,7 @@ Below are the essential guides that every developer should read.
    :maxdepth: 1
 
    howto
-   code-of-conflict
+   code-of-conduct
    development-process
    submitting-patches
    coding-style+Contributor Covenant Code of Conduct
+++++++++++++++++++++++++++++++++++++
+
+Our Pledge
+==========
+
+In the interest of fostering an open and welcoming environment, we as
+contributors and maintainers pledge to making participation in our project and
+our community a harassment-free experience for everyone, regardless of age, body
+size, disability, ethnicity, sex characteristics, gender identity and
+expression, level of experience, education, socio-economic status, nationality,
+personal appearance, race, religion, or sexual identity and orientation.
+
+Our Standards
+=============
+
+Examples of behavior that contributes to creating a positive environment
+include:
+
+* Using welcoming and inclusive language
+* Being respectful of differing viewpoints and experiences
+* Gracefully accepting constructive criticism
+* Focusing on what is best for the community
+* Showing empathy towards other community members
+
+
+Examples of unacceptable behavior by participants include:
+
+* The use of sexualized language or imagery and unwelcome sexual attention or
+  advances
+* Trolling, insulting/derogatory comments, and personal or political attacks
+* Public or private harassment
+* Publishing others’ private information, such as a physical or electronic
+  address, without explicit permission
+* Other conduct which could reasonably be considered inappropriate in a
+  professional setting
+
+
+Our Responsibilities
+====================
+
+Maintainers are responsible for clarifying the standards of acceptable behavior
+and are expected to take appropriate and fair corrective action in response to
+any instances of unacceptable behavior.
+
+Maintainers have the right and responsibility to remove, edit, or reject
+comments, commits, code, wiki edits, issues, and other contributions that are
+not aligned to this Code of Conduct, or to ban temporarily or permanently any
+contributor for other behaviors that they deem inappropriate, threatening,
+offensive, or harmful.
+
+Scope
+=====
+
+This Code of Conduct applies both within project spaces and in public spaces
+when an individual is representing the project or its community. Examples of
+representing a project or community include using an official project e-mail
+address, posting via an official social media account, or acting as an appointed
+representative at an online or offline event. Representation of a project may be
+further defined and clarified by project maintainers.
+
+Enforcement
+===========
+
+Instances of abusive, harassing, or otherwise unacceptable behavior may be
+reported by contacting the Technical Advisory Board (TAB) at
+<tab@lists.linux-foundation.org>. All complaints will be reviewed and
+investigated and will result in a response that is deemed necessary and
+appropriate to the circumstances. The TAB is obligated to maintain
+confidentiality with regard to the reporter of an incident.  Further details of
+specific enforcement policies may be posted separately.
+
+Maintainers who do not follow or enforce the Code of Conduct in good faith may
+face temporary or permanent repercussions as determined by other members of the
+project’s leadership.
+
+Attribution
+===========
+
+This Code of Conduct is adapted from the Contributor Covenant, version 1.4,
+available at https://www.contributor-covenant.org/version/1/4/code-of-conduct.html
diff --git a/Documentation/process/code-of-conflict.rst b/Documentation/process/code-of-conflict.rst
deleted file mode 100644
index 47b6de76320300..00000000000000
--- a/Documentation/process/code-of-conflict.rst
+++ /dev/null
@@ -1,28 +0,0 @@
-Code of Conflict
-----------------
-
-The Linux kernel development effort is a very personal process compared
-to "traditional" ways of developing software.  Your code and ideas
-behind it will be carefully reviewed, often resulting in critique and
-criticism.  The review will almost always require improvements to the
-code before it can be included in the kernel.  Know that this happens
-because everyone involved wants to see the best possible solution for
-the overall success of Linux.  This development process has been proven
-to create the most robust operating system kernel ever, and we do not
-want to do anything to cause the quality of submission and eventual
-result to ever decrease.
-
-If however, anyone feels personally abused, threatened, or otherwise
-uncomfortable due to this process, that is not acceptable.  If so,
-please contact the Linux Foundation's Technical Advisory Board at
-<tab@lists.linux-foundation.org>, or the individual members, and they
-will work to resolve the issue to the best of their ability.  For more
-information on who is on the Technical Advisory Board and what their
-role is, please see:
-
-	- http://www.linuxfoundation.org/projects/linux/tab
-
-As a reviewer of code, please strive to keep things civil and focused on
-the technical issues involved.  We are all humans, and frustrations can
-be high on both sides of the process.  Try to keep in mind the immortal
-words of Bill and Ted, "Be excellent to each other."
diff --git a/Documentation/process/index.rst b/Documentation/process/index.rst
index 37bd0628b6ee90..9ae3e317bddf91 100644
--- a/Documentation/process/index.rst
+++ b/Documentation/process/index.rst
@@ -20,7 +20,7 @@ Below are the essential guides that every developer should read.
    :maxdepth: 1
 
    howto
-   code-of-conflict
+   code-of-conduct
    development-process
    submitting-patches
    coding-style
